Feedback Channel,Average Rating
Email,2.8823529411764706
Social Media,2.9655172413793105
Survey,3.108108108108108
